mean_test_score,learning_rate,max_depth,n_estimators
-5.450209121622531,0.15,19,75
-5.4509238594515015,0.15,19,70
-5.407187881264484,0.15,18,75
-5.424955694556052,0.15,18,70
-5.412089146643306,0.15,17,75
-5.422308493616294,0.15,17,70
